fixture_id,fixture_date,fixture_venue_name,fixture_venue_city,fixture_status_long,fixture_status_short,league_id,league_name,league_country,league_season,league_round,teams_home_id,teams_home_name,teams_away_id,teams_away_name,goals_home,goals_away,score_halftime_home,score_halftime_away,score_fulltime_home,score_fulltime_away
1035037,2023-08-11,Turf Moor,Burnley,Match Finished,FT,39,Premier League,England,2023,Regular Season - 1,44,Burnley,50,Manchester City,0,3,0,2,0,3
1035038,2023-08-12,Emirates Stadium,London,Match Finished,FT,39,Premier League,England,2023,Regular Season - 1,42,Arsenal,65,Nottingham Forest,2,1,2,0,2,1
1035039,2023-08-12,Vitality Stadium,"Bournemouth, Dorset",Match Finished,FT,39,Premier League,England,2023,Regular Season - 1,35,Bournemouth,48,West Ham,1,1,0,0,1,1
1035041,2023-08-12,Goodison Park,Liverpool,Match Finished,FT,39,Premier League,England,2023,Regular Season - 1,45,Everton,36,Fulham,0,1,0,0,0,1
1035040,2023-08-12,The American Express Community Stadium,"Falmer, East Sussex",Match Finished,FT,39,Premier League,England,2023,Regular Season - 1,51,Brighton,1359,Luton,4,1,1,0,4,1
1035042,2023-08-12,Bramall Lane,Sheffield,Match Finished,FT,39,Premier League,England,2023,Regular Season - 1,62,Sheffield Utd,52,Crystal Palace,0,1,0,0,0,1
1035043,2023-08-12,St. James' Park,Newcastle upon Tyne,Match Finished,FT,39,Premier League,England,2023,Regular Season - 1,34,Newcastle,66,Aston Villa,5,1,2,1,5,1
1035044,2023-08-13,Gtech Community Stadium,"Brentford, Middlesex",Match Finished,FT,39,Premier League,England,2023,Regular Season - 1,55,Brentford,47,Tottenham,2,2,2,2,2,2
1035045,2023-08-13,Stamford Bridge,London,Match Finished,FT,39,Premier League,England,2023,Regular Season - 1,49,Chelsea,40,Liverpool,1,1,1,1,1,1
1035046,2023-08-14,Old Trafford,Manchester,Match Finished,FT,39,Premier League,England,2023,Regular Season - 1,33,Manchester United,39,Wolves,1,0,0,0,1,0
1035053,2023-08-18,The City Ground,"Nottingham, Nottinghamshire",Match Finished,FT,39,Premier League,England,2023,Regular Season - 2,65,Nottingham Forest,62,Sheffield Utd,2,1,1,0,2,1
1035049,2023-08-19,Craven Cottage,London,Match Finished,FT,39,Premier League,England,2023,Regular Season - 2,36,Fulham,55,Brentford,0,3,0,1,0,3
1035056,2023-08-19,Molineux Stadium,"Wolverhampton, West Midlands",Match Finished,FT,39,Premier League,England,2023,Regular Season - 2,39,Wolves,51,Brighton,1,4,0,1,1,4
1035050,2023-08-19,Anfield,Liverpool,Match Finished,FT,39,Premier League,England,2023,Regular Season - 2,40,Liverpool,35,Bournemouth,3,1,2,1,3,1
1035054,2023-08-19,Tottenham Hotspur Stadium,London,Match Finished,FT,39,Premier League,England,2023,Regular Season - 2,47,Tottenham,33,Manchester United,2,0,0,0,2,0
1035052,2023-08-19,Etihad Stadium,Manchester,Match Finished,FT,39,Premier League,England,2023,Regular Season - 2,50,Manchester City,34,Newcastle,1,0,1,0,1,0
1035047,2023-08-20,Villa Park,Birmingham,Match Finished,FT,39,Premier League,England,2023,Regular Season - 2,66,Aston Villa,45,Everton,4,0,2,0,4,0
1035055,2023-08-20,London Stadium,London,Match Finished,FT,39,Premier League,England,2023,Regular Season - 2,48,West Ham,49,Chelsea,3,1,1,1,3,1
1035048,2023-08-21,Selhurst Park,London,Match Finished,FT,39,Premier League,England,2023,Regular Season - 2,52,Crystal Palace,42,Arsenal,0,1,0,0,0,1
1035062,2023-08-25,Stamford Bridge,London,Match Finished,FT,39,Premier League,England,2023,Regular Season - 3,49,Chelsea,1359,Luton,3,0,1,0,3,0
1035057,2023-08-26,Vitality Stadium,"Bournemouth, Dorset",Match Finished,FT,39,Premier League,England,2023,Regular Season - 3,35,Bournemouth,47,Tottenham,0,2,0,1,0,2
1035064,2023-08-26,Old Trafford,Manchester,Match Finished,FT,39,Premier League,England,2023,Regular Season - 3,33,Manchester United,65,Nottingham Forest,3,2,1,2,3,2
1035058,2023-08-26,Emirates Stadium,London,Match Finished,FT,39,Premier League,England,2023,Regular Season - 3,42,Arsenal,36,Fulham,2,2,0,1,2,2
1035063,2023-08-26,Goodison Park,Liverpool,Match Finished,FT,39,Premier League,England,2023,Regular Season - 3,45,Everton,39,Wolves,0,1,0,0,0,1
1035059,2023-08-26,Gtech Community Stadium,"Brentford, Middlesex",Match Finished,FT,39,Premier League,England,2023,Regular Season - 3,55,Brentford,52,Crystal Palace,1,1,1,0,1,1
1035060,2023-08-26,The American Express Community Stadium,"Falmer, East Sussex",Match Finished,FT,39,Premier League,England,2023,Regular Season - 3,51,Brighton,48,West Ham,1,3,0,1,1,3
1035061,2023-08-27,Turf Moor,Burnley,Match Finished,FT,39,Premier League,England,2023,Regular Season - 3,44,Burnley,66,Aston Villa,1,3,0,2,1,3
1035066,2023-08-27,Bramall Lane,Sheffield,Match Finished,FT,39,Premier League,England,2023,Regular Season - 3,62,Sheffield Utd,50,Manchester City,1,2,0,0,1,2
1035065,2023-08-27,St. James' Park,Newcastle upon Tyne,Match Finished,FT,39,Premier League,England,2023,Regular Season - 3,34,Newcastle,40,Liverpool,1,2,1,0,1,2
1035074,2023-09-01,Kenilworth Road,"Luton, Bedfordshire",Match Finished,FT,39,Premier League,England,2023,Regular Season - 4,1359,Luton,48,West Ham,1,2,0,1,1,2
1035076,2023-09-02,Bramall Lane,Sheffield,Match Finished,FT,39,Premier League,England,2023,Regular Season - 4,62,Sheffield Utd,45,Everton,2,2,2,1,2,2
1035070,2023-09-02,Turf Moor,Burnley,Match Finished,FT,39,Premier League,England,2023,Regular Season - 4,44,Burnley,47,Tottenham,2,5,1,2,2,5
1035071,2023-09-02,Stamford Bridge,London,Match Finished,FT,39,Premier League,England,2023,Regular Season - 4,49,Chelsea,65,Nottingham Forest,0,1,0,0,0,1
1035075,2023-09-02,Etihad Stadium,Manchester,Match Finished,FT,39,Premier League,England,2023,Regular Season - 4,50,Manchester City,36,Fulham,5,1,2,1,5,1
1035068,2023-09-02,Gtech Community Stadium,"Brentford, Middlesex",Match Finished,FT,39,Premier League,England,2023,Regular Season - 4,55,Brentford,35,Bournemouth,2,2,1,1,2,2
1035069,2023-09-02,The American Express Community Stadium,"Falmer, East Sussex",Match Finished,FT,39,Premier League,England,2023,Regular Season - 4,51,Brighton,34,Newcastle,3,1,1,0,3,1
1035073,2023-09-03,Anfield,Liverpool,Match Finished,FT,39,Premier League,England,2023,Regular Season - 4,40,Liverpool,66,Aston Villa,3,0,2,0,3,0
1035072,2023-09-03,Selhurst Park,London,Match Finished,FT,39,Premier League,England,2023,Regular Season - 4,52,Crystal Palace,39,Wolves,3,2,0,0,3,2
1035067,2023-09-03,Emirates Stadium,London,Match Finished,FT,39,Premier League,England,2023,Regular Season - 4,42,Arsenal,33,Manchester United,3,1,1,1,3,1
1035086,2023-09-16,Molineux Stadium,"Wolverhampton, West Midlands",Match Finished,FT,39,Premier League,England,2023,Regular Season - 5,39,Wolves,40,Liverpool,1,3,1,0,1,3
1035081,2023-09-16,Old Trafford,Manchester,Match Finished,FT,39,Premier League,England,2023,Regular Season - 5,33,Manchester United,51,Brighton,1,3,0,1,1,3
1035080,2023-09-16,Craven Cottage,London,Match Finished,FT,39,Premier League,England,2023,Regular Season - 5,36,Fulham,1359,Luton,1,0,0,0,1,0
1035084,2023-09-16,Tottenham Hotspur Stadium,London,Match Finished,FT,39,Premier League,England,2023,Regular Season - 5,47,Tottenham,62,Sheffield Utd,2,1,0,0,2,1
1035085,2023-09-16,London Stadium,London,Match Finished,FT,39,Premier League,England,2023,Regular Season - 5,48,West Ham,50,Manchester City,1,3,1,0,1,3
1035078,2023-09-16,Villa Park,Birmingham,Match Finished,FT,39,Premier League,England,2023,Regular Season - 5,66,Aston Villa,52,Crystal Palace,3,1,0,0,3,1
1035082,2023-09-16,St. James' Park,Newcastle upon Tyne,Match Finished,FT,39,Premier League,England,2023,Regular Season - 5,34,Newcastle,55,Brentford,1,0,0,0,1,0
1035077,2023-09-17,Vitality Stadium,"Bournemouth, Dorset",Match Finished,FT,39,Premier League,England,2023,Regular Season - 5,35,Bournemouth,49,Chelsea,0,0,0,0,0,0
1035079,2023-09-17,Goodison Park,Liverpool,Match Finished,FT,39,Premier League,England,2023,Regular Season - 5,45,Everton,42,Arsenal,0,1,0,0,0,1
1035083,2023-09-18,The City Ground,"Nottingham, Nottinghamshire",Match Finished,FT,39,Premier League,England,2023,Regular Season - 5,65,Nottingham Forest,44,Burnley,1,1,0,1,1,1
1035095,2023-09-23,Etihad Stadium,Manchester,Match Finished,FT,39,Premier League,England,2023,Regular Season - 6,50,Manchester City,65,Nottingham Forest,2,0,2,0,2,0
1035092,2023-09-23,Selhurst Park,London,Match Finished,FT,39,Premier League,England,2023,Regular Season - 6,52,Crystal Palace,36,Fulham,0,0,0,0,0,0
1035094,2023-09-23,Kenilworth Road,"Luton, Bedfordshire",Match Finished,FT,39,Premier League,England,2023,Regular Season - 6,1359,Luton,39,Wolves,1,1,0,0,1,1
1035088,2023-09-23,Gtech Community Stadium,"Brentford, Middlesex",Match Finished,FT,39,Premier League,England,2023,Regular Season - 6,55,Brentford,45,Everton,1,3,1,1,1,3
1035090,2023-09-23,Turf Moor,Burnley,Match Finished,FT,39,Premier League,England,2023,Regular Season - 6,44,Burnley,33,Manchester United,0,1,0,1,0,1
1035093,2023-09-24,Anfield,Liverpool,Match Finished,FT,39,Premier League,England,2023,Regular Season - 6,40,Liverpool,48,West Ham,3,1,1,1,3,1
1035087,2023-09-24,Emirates Stadium,London,Match Finished,FT,39,Premier League,England,2023,Regular Season - 6,42,Arsenal,47,Tottenham,2,2,1,1,2,2
1035091,2023-09-24,Stamford Bridge,London,Match Finished,FT,39,Premier League,England,2023,Regular Season - 6,49,Chelsea,66,Aston Villa,0,1,0,0,0,1
1035089,2023-09-24,The American Express Community Stadium,"Falmer, East Sussex",Match Finished,FT,39,Premier League,England,2023,Regular Season - 6,51,Brighton,35,Bournemouth,3,1,1,1,3,1
1035096,2023-09-24,Bramall Lane,Sheffield,Match Finished,FT,39,Premier League,England,2023,Regular Season - 6,62,Sheffield Utd,34,Newcastle,0,8,0,3,0,8
1035098,2023-09-30,Villa Park,Birmingham,Match Finished,FT,39,Premier League,England,2023,Regular Season - 7,66,Aston Villa,51,Brighton,6,1,3,0,6,1
1035101,2023-09-30,Old Trafford,Manchester,Match Finished,FT,39,Premier League,England,2023,Regular Season - 7,33,Manchester United,52,Crystal Palace,0,1,0,1,0,1
1035102,2023-09-30,St. James' Park,Newcastle upon Tyne,Match Finished,FT,39,Premier League,England,2023,Regular Season - 7,34,Newcastle,44,Burnley,2,0,1,0,2,0
1035097,2023-09-30,Vitality Stadium,"Bournemouth, Dorset",Match Finished,FT,39,Premier League,England,2023,Regular Season - 7,35,Bournemouth,42,Arsenal,0,4,0,2,0,4
1035106,2023-09-30,Molineux Stadium,"Wolverhampton, West Midlands",Match Finished,FT,39,Premier League,England,2023,Regular Season - 7,39,Wolves,50,Manchester City,2,1,1,0,2,1
1035099,2023-09-30,Goodison Park,Liverpool,Match Finished,FT,39,Premier League,England,2023,Regular Season - 7,45,Everton,1359,Luton,1,2,1,2,1,2
1035105,2023-09-30,London Stadium,London,Match Finished,FT,39,Premier League,England,2023,Regular Season - 7,48,West Ham,62,Sheffield Utd,2,0,2,0,2,0
1035104,2023-09-30,Tottenham Hotspur Stadium,London,Match Finished,FT,39,Premier League,England,2023,Regular Season - 7,47,Tottenham,40,Liverpool,2,1,1,1,2,1
1035103,2023-10-01,The City Ground,"Nottingham, Nottinghamshire",Match Finished,FT,39,Premier League,England,2023,Regular Season - 7,65,Nottingham Forest,55,Brentford,1,1,0,0,1,1
1035100,2023-10-02,Craven Cottage,London,Match Finished,FT,39,Premier League,England,2023,Regular Season - 7,36,Fulham,49,Chelsea,0,2,0,2,0,2
1035051,2023-10-03,Kenilworth Road,"Luton, Bedfordshire",Match Finished,FT,39,Premier League,England,2023,Regular Season - 2,1359,Luton,44,Burnley,1,2,0,1,1,2
1035113,2023-10-07,Kenilworth Road,"Luton, Bedfordshire",Match Finished,FT,39,Premier League,England,2023,Regular Season - 8,1359,Luton,47,Tottenham,0,1,0,0,0,1
1035114,2023-10-07,Old Trafford,Manchester,Match Finished,FT,39,Premier League,England,2023,Regular Season - 8,33,Manchester United,55,Brentford,2,1,0,1,2,1
1035112,2023-10-07,Craven Cottage,London,Match Finished,FT,39,Premier League,England,2023,Regular Season - 8,36,Fulham,62,Sheffield Utd,3,1,0,0,3,1
1035109,2023-10-07,Turf Moor,Burnley,Match Finished,FT,39,Premier League,England,2023,Regular Season - 8,44,Burnley,49,Chelsea,1,4,1,1,1,4
1035111,2023-10-07,Goodison Park,Liverpool,Match Finished,FT,39,Premier League,England,2023,Regular Season - 8,45,Everton,35,Bournemouth,3,0,2,0,3,0
1035110,2023-10-07,Selhurst Park,London,Match Finished,FT,39,Premier League,England,2023,Regular Season - 8,52,Crystal Palace,65,Nottingham Forest,0,0,0,0,0,0
1035116,2023-10-08,Molineux Stadium,"Wolverhampton, West Midlands",Match Finished,FT,39,Premier League,England,2023,Regular Season - 8,39,Wolves,66,Aston Villa,1,1,0,0,1,1
1035115,2023-10-08,London Stadium,London,Match Finished,FT,39,Premier League,England,2023,Regular Season - 8,48,West Ham,34,Newcastle,2,2,1,0,2,2
1035108,2023-10-08,The American Express Community Stadium,"Falmer, East Sussex",Match Finished,FT,39,Premier League,England,2023,Regular Season - 8,51,Brighton,40,Liverpool,2,2,1,2,2,2
1035107,2023-10-08,Emirates Stadium,London,Match Finished,FT,39,Premier League,England,2023,Regular Season - 8,42,Arsenal,50,Manchester City,1,0,0,0,1,0
1035121,2023-10-21,Anfield,Liverpool,Match Finished,FT,39,Premier League,England,2023,Regular Season - 9,40,Liverpool,45,Everton,2,0,0,0,2,0
1035123,2023-10-21,St. James' Park,Newcastle upon Tyne,Match Finished,FT,39,Premier League,England,2023,Regular Season - 9,34,Newcastle,52,Crystal Palace,4,0,3,0,4,0
1035117,2023-10-21,Vitality Stadium,"Bournemouth, Dorset",Match Finished,FT,39,Premier League,England,2023,Regular Season - 9,35,Bournemouth,39,Wolves,1,2,1,0,1,2
1035122,2023-10-21,Etihad Stadium,Manchester,Match Finished,FT,39,Premier League,England,2023,Regular Season - 9,50,Manchester City,51,Brighton,2,1,2,0,2,1
1035119,2023-10-21,Gtech Community Stadium,"Brentford, Middlesex",Match Finished,FT,39,Premier League,England,2023,Regular Season - 9,55,Brentford,44,Burnley,3,0,1,0,3,0
1035124,2023-10-21,The City Ground,"Nottingham, Nottinghamshire",Match Finished,FT,39,Premier League,England,2023,Regular Season - 9,65,Nottingham Forest,1359,Luton,2,2,0,0,2,2
1035120,2023-10-21,Stamford Bridge,London,Match Finished,FT,39,Premier League,England,2023,Regular Season - 9,49,Chelsea,42,Arsenal,2,2,1,0,2,2
1035125,2023-10-21,Bramall Lane,Sheffield,Match Finished,FT,39,Premier League,England,2023,Regular Season - 9,62,Sheffield Utd,33,Manchester United,1,2,1,1,1,2
1035118,2023-10-22,Villa Park,Birmingham,Match Finished,FT,39,Premier League,England,2023,Regular Season - 9,66,Aston Villa,48,West Ham,4,1,1,0,4,1
1035126,2023-10-23,Tottenham Hotspur Stadium,London,Match Finished,FT,39,Premier League,England,2023,Regular Season - 9,47,Tottenham,36,Fulham,2,0,1,0,2,0
1035132,2023-10-27,Selhurst Park,London,Match Finished,FT,39,Premier League,England,2023,Regular Season - 10,52,Crystal Palace,47,Tottenham,1,2,0,0,1,2
1035131,2023-10-28,Stamford Bridge,London,Match Finished,FT,39,Premier League,England,2023,Regular Season - 10,49,Chelsea,55,Brentford,0,2,0,0,0,2
1035127,2023-10-28,Vitality Stadium,"Bournemouth, Dorset",Match Finished,FT,39,Premier League,England,2023,Regular Season - 10,35,Bournemouth,44,Burnley,2,1,1,1,2,1
1035128,2023-10-28,Emirates Stadium,London,Match Finished,FT,39,Premier League,England,2023,Regular Season - 10,42,Arsenal,62,Sheffield Utd,5,0,1,0,5,0
1035136,2023-10-28,Molineux Stadium,"Wolverhampton, West Midlands",Match Finished,FT,39,Premier League,England,2023,Regular Season - 10,39,Wolves,34,Newcastle,2,2,1,2,2,2
1035135,2023-10-29,London Stadium,London,Match Finished,FT,39,Premier League,England,2023,Regular Season - 10,48,West Ham,45,Everton,0,1,0,0,0,1
1035133,2023-10-29,Anfield,Liverpool,Match Finished,FT,39,Premier League,England,2023,Regular Season - 10,40,Liverpool,65,Nottingham Forest,3,0,2,0,3,0
1035130,2023-10-29,The American Express Community Stadium,"Falmer, East Sussex",Match Finished,FT,39,Premier League,England,2023,Regular Season - 10,51,Brighton,36,Fulham,1,1,1,0,1,1
1035129,2023-10-29,Villa Park,Birmingham,Match Finished,FT,39,Premier League,England,2023,Regular Season - 10,66,Aston Villa,1359,Luton,3,1,1,0,3,1
1035134,2023-10-29,Old Trafford,Manchester,Match Finished,FT,39,Premier League,England,2023,Regular Season - 10,33,Manchester United,50,Manchester City,0,3,0,1,0,3
1035140,2023-11-04,Craven Cottage,London,Match Finished,FT,39,Premier League,England,2023,Regular Season - 11,36,Fulham,33,Manchester United,0,1,0,0,0,1
1035138,2023-11-04,Turf Moor,Burnley,Match Finished,FT,39,Premier League,England,2023,Regular Season - 11,44,Burnley,52,Crystal Palace,0,2,0,1,0,2
1035139,2023-11-04,Goodison Park,Liverpool,Match Finished,FT,39,Premier League,England,2023,Regular Season - 11,45,Everton,51,Brighton,1,1,1,0,1,1
1035142,2023-11-04,Etihad Stadium,Manchester,Match Finished,FT,39,Premier League,England,2023,Regular Season - 11,50,Manchester City,35,Bournemouth,6,1,3,0,6,1
1035137,2023-11-04,Gtech Community Stadium,"Brentford, Middlesex",Match Finished,FT,39,Premier League,England,2023,Regular Season - 11,55,Brentford,48,West Ham,3,2,1,2,3,2
1035145,2023-11-04,Bramall Lane,Sheffield,Match Finished,FT,39,Premier League,England,2023,Regular Season - 11,62,Sheffield Utd,39,Wolves,2,1,0,0,2,1
1035143,2023-11-04,St. James' Park,Newcastle upon Tyne,Match Finished,FT,39,Premier League,England,2023,Regular Season - 11,34,Newcastle,42,Arsenal,1,0,0,0,1,0
1035144,2023-11-05,The City Ground,"Nottingham, Nottinghamshire",Match Finished,FT,39,Premier League,England,2023,Regular Season - 11,65,Nottingham Forest,66,Aston Villa,2,0,1,0,2,0
1035141,2023-11-05,Kenilworth Road,"Luton, Bedfordshire",Match Finished,FT,39,Premier League,England,2023,Regular Season - 11,1359,Luton,40,Liverpool,1,1,0,0,1,1
1035146,2023-11-06,Tottenham Hotspur Stadium,London,Match Finished,FT,39,Premier League,England,2023,Regular Season - 11,47,Tottenham,49,Chelsea,1,4,1,1,1,4
1035156,2023-11-11,Molineux Stadium,"Wolverhampton, West Midlands",Match Finished,FT,39,Premier League,England,2023,Regular Season - 12,39,Wolves,47,Tottenham,2,1,0,1,2,1
1035154,2023-11-11,Old Trafford,Manchester,Match Finished,FT,39,Premier League,England,2023,Regular Season - 12,33,Manchester United,1359,Luton,1,0,0,0,1,0
1035148,2023-11-11,Emirates Stadium,London,Match Finished,FT,39,Premier League,England,2023,Regular Season - 12,42,Arsenal,44,Burnley,3,1,1,0,3,1
1035152,2023-11-11,Selhurst Park,London,Match Finished,FT,39,Premier League,England,2023,Regular Season - 12,52,Crystal Palace,45,Everton,2,3,1,1,2,3
1035147,2023-11-11,Vitality Stadium,"Bournemouth, Dorset",Match Finished,FT,39,Premier League,England,2023,Regular Season - 12,35,Bournemouth,34,Newcastle,2,0,0,0,2,0
1035153,2023-11-12,Anfield,Liverpool,Match Finished,FT,39,Premier League,England,2023,Regular Season - 12,40,Liverpool,55,Brentford,3,0,1,0,3,0
1035155,2023-11-12,London Stadium,London,Match Finished,FT,39,Premier League,England,2023,Regular Season - 12,48,West Ham,65,Nottingham Forest,3,2,1,1,3,2
1035150,2023-11-12,The American Express Community Stadium,"Falmer, East Sussex",Match Finished,FT,39,Premier League,England,2023,Regular Season - 12,51,Brighton,62,Sheffield Utd,1,1,1,0,1,1
1035149,2023-11-12,Villa Park,Birmingham,Match Finished,FT,39,Premier League,England,2023,Regular Season - 12,66,Aston Villa,36,Fulham,3,1,2,0,3,1
1035151,2023-11-12,Stamford Bridge,London,Match Finished,FT,39,Premier League,England,2023,Regular Season - 12,49,Chelsea,50,Manchester City,4,4,2,2,4,4
1035299,2023-11-25,Etihad Stadium,Manchester,Match Finished,FT,39,Premier League,England,2023,Regular Season - 13,50,Manchester City,40,Liverpool,1,1,1,0,1,1
1035300,2023-11-25,St. James' Park,Newcastle upon Tyne,Match Finished,FT,39,Premier League,England,2023,Regular Season - 13,34,Newcastle,49,Chelsea,4,1,1,1,4,1
1035295,2023-11-25,Turf Moor,Burnley,Match Finished,FT,39,Premier League,England,2023,Regular Season - 13,44,Burnley,48,West Ham,1,2,0,0,1,2
1035302,2023-11-25,Bramall Lane,Sheffield,Match Finished,FT,39,Premier League,England,2023,Regular Season - 13,62,Sheffield Utd,35,Bournemouth,1,3,0,2,1,3
1035301,2023-11-25,The City Ground,"Nottingham, Nottinghamshire",Match Finished,FT,39,Premier League,England,2023,Regular Season - 13,65,Nottingham Forest,51,Brighton,2,3,1,2,2,3
1035298,2023-11-25,Kenilworth Road,"Luton, Bedfordshire",Match Finished,FT,39,Premier League,England,2023,Regular Season - 13,1359,Luton,52,Crystal Palace,2,1,0,0,2,1
1035294,2023-11-25,Gtech Community Stadium,"Brentford, Middlesex",Match Finished,FT,39,Premier League,England,2023,Regular Season - 13,55,Brentford,42,Arsenal,0,1,0,0,0,1
1035303,2023-11-26,Tottenham Hotspur Stadium,London,Match Finished,FT,39,Premier League,England,2023,Regular Season - 13,47,Tottenham,66,Aston Villa,1,2,1,1,1,2
1035296,2023-11-26,Goodison Park,Liverpool,Match Finished,FT,39,Premier League,England,2023,Regular Season - 13,45,Everton,33,Manchester United,0,3,0,1,0,3
1035297,2023-11-27,Craven Cottage,London,Match Finished,FT,39,Premier League,England,2023,Regular Season - 13,36,Fulham,39,Wolves,3,2,1,1,3,2
1035305,2023-12-02,Emirates Stadium,London,Match Finished,FT,39,Premier League,England,2023,Regular Season - 14,42,Arsenal,39,Wolves,2,1,2,0,2,1
1035307,2023-12-02,Turf Moor,Burnley,Match Finished,FT,39,Premier League,England,2023,Regular Season - 14,44,Burnley,62,Sheffield Utd,5,0,2,0,5,0
1035306,2023-12-02,Gtech Community Stadium,"Brentford, Middlesex",Match Finished,FT,39,Premier League,England,2023,Regular Season - 14,55,Brentford,1359,Luton,3,1,0,0,3,1
1035312,2023-12-02,The City Ground,"Nottingham, Nottinghamshire",Match Finished,FT,39,Premier League,England,2023,Regular Season - 14,65,Nottingham Forest,45,Everton,0,1,0,0,0,1
1035311,2023-12-02,St. James' Park,Newcastle upon Tyne,Match Finished,FT,39,Premier League,England,2023,Regular Season - 14,34,Newcastle,33,Manchester United,1,0,0,0,1,0
1035304,2023-12-03,Vitality Stadium,"Bournemouth, Dorset",Match Finished,FT,39,Premier League,England,2023,Regular Season - 14,35,Bournemouth,66,Aston Villa,2,2,1,1,2,2
1035309,2023-12-03,Anfield,Liverpool,Match Finished,FT,39,Premier League,England,2023,Regular Season - 14,40,Liverpool,36,Fulham,4,3,2,2,4,3
1035313,2023-12-03,London Stadium,London,Match Finished,FT,39,Premier League,England,2023,Regular Season - 14,48,West Ham,52,Crystal Palace,1,1,1,0,1,1
1035308,2023-12-03,Stamford Bridge,London,Match Finished,FT,39,Premier League,England,2023,Regular Season - 14,49,Chelsea,51,Brighton,3,2,2,1,3,2
1035310,2023-12-03,Etihad Stadium,Manchester,Match Finished,FT,39,Premier League,England,2023,Regular Season - 14,50,Manchester City,47,Tottenham,3,3,2,1,3,3
1035321,2023-12-05,Molineux Stadium,"Wolverhampton, West Midlands",Match Finished,FT,39,Premier League,England,2023,Regular Season - 15,39,Wolves,44,Burnley,1,0,1,0,1,0
1035318,2023-12-05,Kenilworth Road,"Luton, Bedfordshire",Match Finished,FT,39,Premier League,England,2023,Regular Season - 15,1359,Luton,42,Arsenal,3,4,1,2,3,4
1035317,2023-12-06,Craven Cottage,London,Match Finished,FT,39,Premier League,England,2023,Regular Season - 15,36,Fulham,65,Nottingham Forest,5,0,2,0,5,0
1035315,2023-12-06,The American Express Community Stadium,"Falmer, East Sussex",Match Finished,FT,39,Premier League,England,2023,Regular Season - 15,51,Brighton,55,Brentford,2,1,1,1,2,1
1035322,2023-12-06,Selhurst Park,London,Match Finished,FT,39,Premier League,England,2023,Regular Season - 15,52,Crystal Palace,35,Bournemouth,0,2,0,1,0,2
1035319,2023-12-06,Bramall Lane,Sheffield,Match Finished,FT,39,Premier League,England,2023,Regular Season - 15,62,Sheffield Utd,40,Liverpool,0,2,0,1,0,2
1035323,2023-12-06,Old Trafford,Manchester,Match Finished,FT,39,Premier League,England,2023,Regular Season - 15,33,Manchester United,49,Chelsea,2,1,1,1,2,1
1035314,2023-12-06,Villa Park,Birmingham,Match Finished,FT,39,Premier League,England,2023,Regular Season - 15,66,Aston Villa,50,Manchester City,1,0,0,0,1,0
1035316,2023-12-07,Goodison Park,Liverpool,Match Finished,FT,39,Premier League,England,2023,Regular Season - 15,45,Everton,34,Newcastle,3,0,0,0,3,0
1035320,2023-12-07,Tottenham Hotspur Stadium,London,Match Finished,FT,39,Premier League,England,2023,Regular Season - 15,47,Tottenham,48,West Ham,1,2,1,0,1,2
1035326,2023-12-09,Selhurst Park,London,Match Finished,FT,39,Premier League,England,2023,Regular Season - 16,52,Crystal Palace,40,Liverpool,1,2,0,0,1,2
1035330,2023-12-09,Old Trafford,Manchester,Match Finished,FT,39,Premier League,England,2023,Regular Season - 16,33,Manchester United,35,Bournemouth,0,3,0,1,0,3
1035333,2023-12-09,Molineux Stadium,"Wolverhampton, West Midlands",Match Finished,FT,39,Premier League,England,2023,Regular Season - 16,39,Wolves,65,Nottingham Forest,1,1,1,1,1,1
1035325,2023-12-09,The American Express Community Stadium,"Falmer, East Sussex",Match Finished,FT,39,Premier League,England,2023,Regular Season - 16,51,Brighton,44,Burnley,1,1,0,1,1,1
1035331,2023-12-09,Bramall Lane,Sheffield,Match Finished,FT,39,Premier League,England,2023,Regular Season - 16,62,Sheffield Utd,55,Brentford,1,0,1,0,1,0
1035324,2023-12-09,Villa Park,Birmingham,Match Finished,FT,39,Premier League,England,2023,Regular Season - 16,66,Aston Villa,42,Arsenal,1,0,1,0,1,0
1035328,2023-12-10,Craven Cottage,London,Match Finished,FT,39,Premier League,England,2023,Regular Season - 16,36,Fulham,48,West Ham,5,0,3,0,5,0
1035327,2023-12-10,Goodison Park,Liverpool,Match Finished,FT,39,Premier League,England,2023,Regular Season - 16,45,Everton,49,Chelsea,2,0,0,0,2,0
1035329,2023-12-10,Kenilworth Road,"Luton, Bedfordshire",Match Finished,FT,39,Premier League,England,2023,Regular Season - 16,1359,Luton,50,Manchester City,1,2,1,0,1,2
1035332,2023-12-10,Tottenham Hotspur Stadium,London,Match Finished,FT,39,Premier League,England,2023,Regular Season - 16,47,Tottenham,34,Newcastle,4,1,2,0,4,1
1035342,2023-12-15,The City Ground,"Nottingham, Nottinghamshire",Match Finished,FT,39,Premier League,England,2023,Regular Season - 17,65,Nottingham Forest,47,Tottenham,0,2,0,1,0,2
1035341,2023-12-16,St. James' Park,Newcastle upon Tyne,Match Finished,FT,39,Premier League,England,2023,Regular Season - 17,34,Newcastle,36,Fulham,3,0,0,0,3,0
1035338,2023-12-16,Stamford Bridge,London,Match Finished,FT,39,Premier League,England,2023,Regular Season - 17,49,Chelsea,62,Sheffield Utd,2,0,0,0,2,0
1035340,2023-12-16,Etihad Stadium,Manchester,Match Finished,FT,39,Premier League,England,2023,Regular Season - 17,50,Manchester City,52,Crystal Palace,2,2,1,0,2,2
1035337,2023-12-16,Turf Moor,Burnley,Match Finished,FT,39,Premier League,England,2023,Regular Season - 17,44,Burnley,45,Everton,0,2,0,2,0,2
1035335,2023-12-17,Emirates Stadium,London,Match Finished,FT,39,Premier League,England,2023,Regular Season - 17,42,Arsenal,51,Brighton,2,0,0,0,2,0
1035343,2023-12-17,London Stadium,London,Match Finished,FT,39,Premier League,England,2023,Regular Season - 17,48,West Ham,39,Wolves,3,0,2,0,3,0
1035336,2023-12-17,Gtech Community Stadium,"Brentford, Middlesex",Match Finished,FT,39,Premier League,England,2023,Regular Season - 17,55,Brentford,66,Aston Villa,1,2,1,0,1,2
1035339,2023-12-17,Anfield,Liverpool,Match Finished,FT,39,Premier League,England,2023,Regular Season - 17,40,Liverpool,33,Manchester United,0,0,0,0,0,0
1035345,2023-12-21,Selhurst Park,London,Match Finished,FT,39,Premier League,England,2023,Regular Season - 18,52,Crystal Palace,51,Brighton,1,1,1,0,1,1
1035344,2023-12-22,Villa Park,Birmingham,Match Finished,FT,39,Premier League,England,2023,Regular Season - 18,66,Aston Villa,62,Sheffield Utd,1,1,0,0,1,1
1035352,2023-12-23,London Stadium,London,Match Finished,FT,39,Premier League,England,2023,Regular Season - 18,48,West Ham,33,Manchester United,2,0,0,0,2,0
1035346,2023-12-23,Craven Cottage,London,Match Finished,FT,39,Premier League,England,2023,Regular Season - 18,36,Fulham,44,Burnley,0,2,0,0,0,2
1035351,2023-12-23,Tottenham Hotspur Stadium,London,Match Finished,FT,39,Premier League,England,2023,Regular Season - 18,47,Tottenham,45,Everton,2,1,2,0,2,1
1035350,2023-12-23,The City Ground,"Nottingham, Nottinghamshire",Match Finished,FT,39,Premier League,England,2023,Regular Season - 18,65,Nottingham Forest,35,Bournemouth,2,3,0,0,2,3
1035348,2023-12-23,Kenilworth Road,"Luton, Bedfordshire",Match Finished,FT,39,Premier League,England,2023,Regular Season - 18,1359,Luton,34,Newcastle,1,0,1,0,1,0
1035347,2023-12-23,Anfield,Liverpool,Match Finished,FT,39,Premier League,England,2023,Regular Season - 18,40,Liverpool,42,Arsenal,1,1,1,1,1,1
1035353,2023-12-24,Molineux Stadium,"Wolverhampton, West Midlands",Match Finished,FT,39,Premier League,England,2023,Regular Season - 18,39,Wolves,49,Chelsea,2,1,0,0,2,1
1035362,2023-12-26,St. James' Park,Newcastle upon Tyne,Match Finished,FT,39,Premier League,England,2023,Regular Season - 19,34,Newcastle,65,Nottingham Forest,1,3,1,1,1,3
1035354,2023-12-26,Vitality Stadium,"Bournemouth, Dorset",Match Finished,FT,39,Premier League,England,2023,Regular Season - 19,35,Bournemouth,36,Fulham,3,0,1,0,3,0
1035363,2023-12-26,Bramall Lane,Sheffield,Match Finished,FT,39,Premier League,England,2023,Regular Season - 19,62,Sheffield Utd,1359,Luton,2,3,0,1,2,3
1035358,2023-12-26,Turf Moor,Burnley,Match Finished,FT,39,Premier League,England,2023,Regular Season - 19,44,Burnley,40,Liverpool,0,2,0,1,0,2
1035361,2023-12-26,Old Trafford,Manchester,Match Finished,FT,39,Premier League,England,2023,Regular Season - 19,33,Manchester United,66,Aston Villa,3,2,0,2,3,2
1035359,2023-12-27,Stamford Bridge,London,Match Finished,FT,39,Premier League,England,2023,Regular Season - 19,49,Chelsea,52,Crystal Palace,2,1,1,1,2,1
1035356,2023-12-27,Gtech Community Stadium,"Brentford, Middlesex",Match Finished,FT,39,Premier League,England,2023,Regular Season - 19,55,Brentford,39,Wolves,1,4,1,3,1,4
1035360,2023-12-27,Goodison Park,Liverpool,Match Finished,FT,39,Premier League,England,2023,Regular Season - 19,45,Everton,50,Manchester City,1,3,1,0,1,3
1035357,2023-12-28,American Express Stadium,"Falmer, East Sussex",Match Finished,FT,39,Premier League,England,2023,Regular Season - 19,51,Brighton,47,Tottenham,4,2,2,0,4,2
1035355,2023-12-28,Emirates Stadium,London,Match Finished,FT,39,Premier League,England,2023,Regular Season - 19,42,Arsenal,48,West Ham,0,2,0,1,0,2
1035368,2023-12-30,Kenilworth Road,"Luton, Bedfordshire",Match Finished,FT,39,Premier League,England,2023,Regular Season - 20,1359,Luton,49,Chelsea,2,3,0,2,2,3
1035373,2023-12-30,Molineux Stadium,"Wolverhampton, West Midlands",Match Finished,FT,39,Premier League,England,2023,Regular Season - 20,39,Wolves,45,Everton,3,0,1,0,3,0
1035369,2023-12-30,Etihad Stadium,Manchester,Match Finished,FT,39,Premier League,England,2023,Regular Season - 20,50,Manchester City,62,Sheffield Utd,2,0,1,0,2,0
1035365,2023-12-30,Selhurst Park,London,Match Finished,FT,39,Premier League,England,2023,Regular Season - 20,52,Crystal Palace,55,Brentford,3,1,2,1,3,1
1035364,2023-12-30,Villa Park,Birmingham,Match Finished,FT,39,Premier League,England,2023,Regular Season - 20,66,Aston Villa,44,Burnley,3,2,2,1,3,2
1035370,2023-12-30,The City Ground,"Nottingham, Nottinghamshire",Match Finished,FT,39,Premier League,England,2023,Regular Season - 20,65,Nottingham Forest,33,Manchester United,2,1,0,0,2,1
1035366,2023-12-31,Craven Cottage,London,Match Finished,FT,39,Premier League,England,2023,Regular Season - 20,36,Fulham,42,Arsenal,2,1,1,1,2,1
1035371,2023-12-31,Tottenham Hotspur Stadium,London,Match Finished,FT,39,Premier League,England,2023,Regular Season - 20,47,Tottenham,35,Bournemouth,3,1,1,0,3,1
1035367,2024-01-01,Anfield,Liverpool,Match Finished,FT,39,Premier League,England,2023,Regular Season - 20,40,Liverpool,34,Newcastle,4,2,0,0,4,2
1035372,2024-01-02,London Stadium,London,Match Finished,FT,39,Premier League,England,2023,Regular Season - 20,48,West Ham,51,Brighton,0,0,0,0,0,0
1035378,2024-01-12,Turf Moor,Burnley,Match Finished,FT,39,Premier League,England,2023,Regular Season - 21,44,Burnley,1359,Luton,1,1,1,0,1,1
1035379,2024-01-13,Stamford Bridge,London,Match Finished,FT,39,Premier League,England,2023,Regular Season - 21,49,Chelsea,36,Fulham,1,0,1,0,1,0
1035382,2024-01-13,St. James' Park,Newcastle upon Tyne,Match Finished,FT,39,Premier League,England,2023,Regular Season - 21,34,Newcastle,50,Manchester City,2,3,2,1,2,3
1035380,2024-01-14,Goodison Park,Liverpool,Match Finished,FT,39,Premier League,England,2023,Regular Season - 21,45,Everton,66,Aston Villa,0,0,0,0,0,0
1035381,2024-01-14,Old Trafford,Manchester,Match Finished,FT,39,Premier League,England,2023,Regular Season - 21,33,Manchester United,47,Tottenham,2,2,2,1,2,2
1035375,2024-01-20,Emirates Stadium,London,Match Finished,FT,39,Premier League,England,2023,Regular Season - 21,42,Arsenal,52,Crystal Palace,5,0,2,0,5,0
1035376,2024-01-20,Gtech Community Stadium,"Brentford, Middlesex",Match Finished,FT,39,Premier League,England,2023,Regular Season - 21,55,Brentford,65,Nottingham Forest,3,2,1,1,3,2
1035383,2024-01-21,Bramall Lane,Sheffield,Match Finished,FT,39,Premier League,England,2023,Regular Season - 21,62,Sheffield Utd,48,West Ham,2,2,1,1,2,2
1035374,2024-01-21,Vitality Stadium,"Bournemouth, Dorset",Match Finished,FT,39,Premier League,England,2023,Regular Season - 21,35,Bournemouth,40,Liverpool,0,4,0,0,0,4
1035377,2024-01-22,American Express Stadium,"Falmer, East Sussex",Match Finished,FT,39,Premier League,England,2023,Regular Season - 21,51,Brighton,39,Wolves,0,0,0,0,0,0
1035387,2024-01-30,The City Ground,"Nottingham, Nottinghamshire",Match Finished,FT,39,Premier League,England,2023,Regular Season - 22,65,Nottingham Forest,42,Arsenal,1,2,0,0,1,2
1035385,2024-01-30,Craven Cottage,London,Match Finished,FT,39,Premier League,England,2023,Regular Season - 22,36,Fulham,45,Everton,0,0,0,0,0,0
1035386,2024-01-30,Kenilworth Road,"Luton, Bedfordshire",Match Finished,FT,39,Premier League,England,2023,Regular Season - 22,1359,Luton,51,Brighton,4,0,3,0,4,0
1035391,2024-01-30,Selhurst Park,London,Match Finished,FT,39,Premier League,England,2023,Regular Season - 22,52,Crystal Palace,62,Sheffield Utd,3,2,2,2,3,2
1035384,2024-01-30,Villa Park,Birmingham,Match Finished,FT,39,Premier League,England,2023,Regular Season - 22,66,Aston Villa,34,Newcastle,1,3,0,2,1,3
1035388,2024-01-31,Tottenham Hotspur Stadium,London,Match Finished,FT,39,Premier League,England,2023,Regular Season - 22,47,Tottenham,55,Brentford,3,2,0,1,3,2
1035393,2024-01-31,Etihad Stadium,Manchester,Match Finished,FT,39,Premier League,England,2023,Regular Season - 22,50,Manchester City,44,Burnley,3,1,2,0,3,1
1035392,2024-01-31,Anfield,Liverpool,Match Finished,FT,39,Premier League,England,2023,Regular Season - 22,40,Liverpool,49,Chelsea,4,1,2,0,4,1
1035389,2024-02-01,London Stadium,London,Match Finished,FT,39,Premier League,England,2023,Regular Season - 22,48,West Ham,35,Bournemouth,1,1,0,1,1,1
1035390,2024-02-01,Molineux Stadium,"Wolverhampton, West Midlands",Match Finished,FT,39,Premier League,England,2023,Regular Season - 22,39,Wolves,33,Manchester United,3,4,0,2,3,4
1035400,2024-02-03,Goodison Park,Liverpool,Match Finished,FT,39,Premier League,England,2023,Regular Season - 23,45,Everton,47,Tottenham,2,2,1,2,2,2
1035402,2024-02-03,St. James' Park,Newcastle upon Tyne,Match Finished,FT,39,Premier League,England,2023,Regular Season - 23,34,Newcastle,1359,Luton,4,4,2,2,4,4
1035398,2024-02-03,Turf Moor,Burnley,Match Finished,FT,39,Premier League,England,2023,Regular Season - 23,44,Burnley,36,Fulham,2,2,0,2,2,2
1035397,2024-02-03,American Express Stadium,"Falmer, East Sussex",Match Finished,FT,39,Premier League,England,2023,Regular Season - 23,51,Brighton,52,Crystal Palace,4,1,3,0,4,1
1035403,2024-02-03,Bramall Lane,Sheffield,Match Finished,FT,39,Premier League,England,2023,Regular Season - 23,62,Sheffield Utd,66,Aston Villa,0,5,0,4,0,5
1035401,2024-02-04,Old Trafford,Manchester,Match Finished,FT,39,Premier League,England,2023,Regular Season - 23,33,Manchester United,48,West Ham,3,0,1,0,3,0
1035394,2024-02-04,Vitality Stadium,"Bournemouth, Dorset",Match Finished,FT,39,Premier League,England,2023,Regular Season - 23,35,Bournemouth,65,Nottingham Forest,1,1,1,1,1,1
1035399,2024-02-04,Stamford Bridge,London,Match Finished,FT,39,Premier League,England,2023,Regular Season - 23,49,Chelsea,39,Wolves,2,4,1,2,2,4
1035395,2024-02-04,Emirates Stadium,London,Match Finished,FT,39,Premier League,England,2023,Regular Season - 23,42,Arsenal,40,Liverpool,3,1,1,1,3,1
1035396,2024-02-05,Gtech Community Stadium,"Brentford, Middlesex",Match Finished,FT,39,Premier League,England,2023,Regular Season - 23,55,Brentford,50,Manchester City,1,3,1,1,1,3
1035409,2024-02-10,Etihad Stadium,Manchester,Match Finished,FT,39,Premier League,England,2023,Regular Season - 24,50,Manchester City,45,Everton,2,0,0,0,2,0
1035406,2024-02-10,Craven Cottage,London,Match Finished,FT,39,Premier League,England,2023,Regular Season - 24,36,Fulham,35,Bournemouth,3,1,2,0,3,1
1035413,2024-02-10,Molineux Stadium,"Wolverhampton, West Midlands",Match Finished,FT,39,Premier League,England,2023,Regular Season - 24,39,Wolves,55,Brentford,0,2,0,1,0,2
1035407,2024-02-10,Anfield,Liverpool,Match Finished,FT,39,Premier League,England,2023,Regular Season - 24,40,Liverpool,44,Burnley,3,1,1,1,3,1
1035411,2024-02-10,Tottenham Hotspur Stadium,London,Match Finished,FT,39,Premier League,England,2023,Regular Season - 24,47,Tottenham,51,Brighton,2,1,0,1,2,1
1035408,2024-02-10,Kenilworth Road,"Luton, Bedfordshire",Match Finished,FT,39,Premier League,England,2023,Regular Season - 24,1359,Luton,62,Sheffield Utd,1,3,0,2,1,3
1035410,2024-02-10,The City Ground,"Nottingham, Nottinghamshire",Match Finished,FT,39,Premier League,England,2023,Regular Season - 24,65,Nottingham Forest,34,Newcastle,2,3,2,2,2,3
1035412,2024-02-11,London Stadium,London,Match Finished,FT,39,Premier League,England,2023,Regular Season - 24,48,West Ham,42,Arsenal,0,6,0,4,0,6
1035404,2024-02-11,Villa Park,Birmingham,Match Finished,FT,39,Premier League,England,2023,Regular Season - 24,66,Aston Villa,33,Manchester United,1,2,0,1,1,2
1035405,2024-02-12,Selhurst Park,London,Match Finished,FT,39,Premier League,England,2023,Regular Season - 24,52,Crystal Palace,49,Chelsea,1,3,1,0,1,3
1035414,2024-02-17,Gtech Community Stadium,"Brentford, Middlesex",Match Finished,FT,39,Premier League,England,2023,Regular Season - 25,55,Brentford,40,Liverpool,1,4,0,1,1,4
1035420,2024-02-17,St. James' Park,Newcastle upon Tyne,Match Finished,FT,39,Premier League,England,2023,Regular Season - 25,34,Newcastle,35,Bournemouth,2,2,0,0,2,2
1035417,2024-02-17,Craven Cottage,London,Match Finished,FT,39,Premier League,England,2023,Regular Season - 25,36,Fulham,66,Aston Villa,1,2,0,1,1,2
1035415,2024-02-17,Turf Moor,Burnley,Match Finished,FT,39,Premier League,England,2023,Regular Season - 25,44,Burnley,42,Arsenal,0,5,0,2,0,5
1035423,2024-02-17,Tottenham Hotspur Stadium,London,Match Finished,FT,39,Premier League,England,2023,Regular Season - 25,47,Tottenham,39,Wolves,1,2,0,1,1,2
1035421,2024-02-17,The City Ground,"Nottingham, Nottinghamshire",Match Finished,FT,39,Premier League,England,2023,Regular Season - 25,65,Nottingham Forest,48,West Ham,2,0,1,0,2,0
1035419,2024-02-17,Etihad Stadium,Manchester,Match Finished,FT,39,Premier League,England,2023,Regular Season - 25,50,Manchester City,49,Chelsea,1,1,0,1,1,1
1035422,2024-02-18,Bramall Lane,Sheffield,Match Finished,FT,39,Premier League,England,2023,Regular Season - 25,62,Sheffield Utd,51,Brighton,0,5,0,2,0,5
1035418,2024-02-18,Kenilworth Road,"Luton, Bedfordshire",Match Finished,FT,39,Premier League,England,2023,Regular Season - 25,1359,Luton,33,Manchester United,1,2,1,2,1,2
1035416,2024-02-19,Goodison Park,Liverpool,Match Finished,FT,39,Premier League,England,2023,Regular Season - 25,45,Everton,52,Crystal Palace,1,1,0,0,1,1
1035349,2024-02-20,Etihad Stadium,Manchester,Match Finished,FT,39,Premier League,England,2023,Regular Season - 18,50,Manchester City,55,Brentford,1,0,0,0,1,0
1035430,2024-02-21,Anfield,Liverpool,Match Finished,FT,39,Premier League,England,2023,Regular Season - 26,40,Liverpool,1359,Luton,4,1,0,1,4,1
1035431,2024-02-24,Old Trafford,Manchester,Match Finished,FT,39,Premier League,England,2023,Regular Season - 26,33,Manchester United,36,Fulham,1,2,0,0,1,2
1035427,2024-02-24,American Express Stadium,"Falmer, East Sussex",Match Finished,FT,39,Premier League,England,2023,Regular Season - 26,51,Brighton,45,Everton,1,1,0,0,1,1
1035429,2024-02-24,Selhurst Park,London,Match Finished,FT,39,Premier League,England,2023,Regular Season - 26,52,Crystal Palace,44,Burnley,3,0,0,0,3,0
1035426,2024-02-24,Villa Park,Birmingham,Match Finished,FT,39,Premier League,England,2023,Regular Season - 26,66,Aston Villa,65,Nottingham Forest,4,2,3,1,4,2
1035424,2024-02-24,Vitality Stadium,"Bournemouth, Dorset",Match Finished,FT,39,Premier League,England,2023,Regular Season - 26,35,Bournemouth,50,Manchester City,0,1,0,1,0,1
1035425,2024-02-24,Emirates Stadium,London,Match Finished,FT,39,Premier League,England,2023,Regular Season - 26,42,Arsenal,34,Newcastle,4,1,2,0,4,1
1035433,2024-02-25,Molineux Stadium,"Wolverhampton, West Midlands",Match Finished,FT,39,Premier League,England,2023,Regular Season - 26,39,Wolves,62,Sheffield Utd,1,0,1,0,1,0
1035432,2024-02-26,London Stadium,London,Match Finished,FT,39,Premier League,England,2023,Regular Season - 26,48,West Ham,55,Brentford,4,2,2,1,4,2
1035440,2024-03-02,St. James' Park,Newcastle upon Tyne,Match Finished,FT,39,Premier League,England,2023,Regular Season - 27,34,Newcastle,39,Wolves,3,0,2,0,3,0
1035437,2024-03-02,Craven Cottage,London,Match Finished,FT,39,Premier League,England,2023,Regular Season - 27,36,Fulham,51,Brighton,3,0,2,0,3,0
1035436,2024-03-02,Goodison Park,Liverpool,Match Finished,FT,39,Premier League,England,2023,Regular Season - 27,45,Everton,48,West Ham,1,3,0,0,1,3
1035443,2024-03-02,Tottenham Hotspur Stadium,London,Match Finished,FT,39,Premier League,England,2023,Regular Season - 27,47,Tottenham,52,Crystal Palace,3,1,0,0,3,1
1035434,2024-03-02,Gtech Community Stadium,"Brentford, Middlesex",Match Finished,FT,39,Premier League,England,2023,Regular Season - 27,55,Brentford,49,Chelsea,2,2,0,1,2,2
1035441,2024-03-02,The City Ground,"Nottingham, Nottinghamshire",Match Finished,FT,39,Premier League,England,2023,Regular Season - 27,65,Nottingham Forest,40,Liverpool,0,1,0,0,0,1
1035438,2024-03-02,Kenilworth Road,"Luton, Bedfordshire",Match Finished,FT,39,Premier League,England,2023,Regular Season - 27,1359,Luton,66,Aston Villa,2,3,0,2,2,3
1035435,2024-03-03,Turf Moor,Burnley,Match Finished,FT,39,Premier League,England,2023,Regular Season - 27,44,Burnley,35,Bournemouth,0,2,0,1,0,2
1035439,2024-03-03,Etihad Stadium,Manchester,Match Finished,FT,39,Premier League,England,2023,Regular Season - 27,50,Manchester City,33,Manchester United,3,1,0,1,3,1
1035442,2024-03-04,Bramall Lane,Sheffield,Match Finished,FT,39,Premier League,England,2023,Regular Season - 27,62,Sheffield Utd,42,Arsenal,0,6,0,5,0,6
1035451,2024-03-09,Old Trafford,Manchester,Match Finished,FT,39,Premier League,England,2023,Regular Season - 28,33,Manchester United,45,Everton,2,0,2,0,2,0
1035444,2024-03-09,Vitality Stadium,"Bournemouth, Dorset",Match Finished,FT,39,Premier League,England,2023,Regular Season - 28,35,Bournemouth,62,Sheffield Utd,2,2,0,1,2,2
1035453,2024-03-09,Molineux Stadium,"Wolverhampton, West Midlands",Match Finished,FT,39,Premier League,England,2023,Regular Season - 28,39,Wolves,36,Fulham,2,1,0,0,2,1
1035449,2024-03-09,Selhurst Park,London,Match Finished,FT,39,Premier League,England,2023,Regular Season - 28,52,Crystal Palace,1359,Luton,1,1,1,0,1,1
1035445,2024-03-09,Emirates Stadium,London,Match Finished,FT,39,Premier League,England,2023,Regular Season - 28,42,Arsenal,55,Brentford,2,1,1,1,2,1
1035446,2024-03-10,Villa Park,Birmingham,Match Finished,FT,39,Premier League,England,2023,Regular Season - 28,66,Aston Villa,47,Tottenham,0,4,0,0,0,4
1035452,2024-03-10,London Stadium,London,Match Finished,FT,39,Premier League,England,2023,Regular Season - 28,48,West Ham,44,Burnley,2,2,0,2,2,2
1035447,2024-03-10,American Express Stadium,"Falmer, East Sussex",Match Finished,FT,39,Premier League,England,2023,Regular Season - 28,51,Brighton,65,Nottingham Forest,1,0,1,0,1,0
1035450,2024-03-10,Anfield,Liverpool,Match Finished,FT,39,Premier League,England,2023,Regular Season - 28,40,Liverpool,50,Manchester City,1,1,0,1,1,1
1035448,2024-03-11,Stamford Bridge,London,Match Finished,FT,39,Premier League,England,2023,Regular Season - 28,49,Chelsea,34,Newcastle,3,2,1,1,3,2
1035334,2024-03-13,Vitality Stadium,"Bournemouth, Dorset",Match Finished,FT,39,Premier League,England,2023,Regular Season - 17,35,Bournemouth,1359,Luton,4,3,0,3,4,3
1035456,2024-03-16,Turf Moor,Burnley,Match Finished,FT,39,Premier League,England,2023,Regular Season - 29,44,Burnley,55,Brentford,2,1,1,0,2,1
1035460,2024-03-16,Kenilworth Road,"Luton, Bedfordshire",Match Finished,FT,39,Premier League,England,2023,Regular Season - 29,1359,Luton,65,Nottingham Forest,1,1,0,1,1,1
1035459,2024-03-16,Craven Cottage,London,Match Finished,FT,39,Premier League,England,2023,Regular Season - 29,36,Fulham,47,Tottenham,3,0,1,0,3,0
1035462,2024-03-17,London Stadium,London,Match Finished,FT,39,Premier League,England,2023,Regular Season - 29,48,West Ham,66,Aston Villa,1,1,1,0,1,1
1035470,2024-03-30,St. James' Park,Newcastle upon Tyne,Match Finished,FT,39,Premier League,England,2023,Regular Season - 30,34,Newcastle,48,West Ham,4,3,1,2,4,3
1035464,2024-03-30,Vitality Stadium,"Bournemouth, Dorset",Match Finished,FT,39,Premier League,England,2023,Regular Season - 30,35,Bournemouth,45,Everton,2,1,0,0,2,1
1035473,2024-03-30,Tottenham Hotspur Stadium,London,Match Finished,FT,39,Premier League,England,2023,Regular Season - 30,47,Tottenham,1359,Luton,2,1,0,1,2,1
1035467,2024-03-30,Stamford Bridge,London,Match Finished,FT,39,Premier League,England,2023,Regular Season - 30,49,Chelsea,44,Burnley,2,2,1,0,2,2
1035472,2024-03-30,Bramall Lane,Sheffield,Match Finished,FT,39,Premier League,England,2023,Regular Season - 30,62,Sheffield Utd,36,Fulham,3,3,0,0,3,3
1035471,2024-03-30,The City Ground,"Nottingham, Nottinghamshire",Match Finished,FT,39,Premier League,England,2023,Regular Season - 30,65,Nottingham Forest,52,Crystal Palace,1,1,0,1,1,1
1035465,2024-03-30,Villa Park,Birmingham,Match Finished,FT,39,Premier League,England,2023,Regular Season - 30,66,Aston Villa,39,Wolves,2,0,1,0,2,0
1035466,2024-03-30,Gtech Community Stadium,"Brentford, Middlesex",Match Finished,FT,39,Premier League,England,2023,Regular Season - 30,55,Brentford,33,Manchester United,1,1,0,0,1,1
1035468,2024-03-31,Anfield,Liverpool,Match Finished,FT,39,Premier League,England,2023,Regular Season - 30,40,Liverpool,51,Brighton,2,1,1,1,2,1
1035469,2024-03-31,Etihad Stadium,Manchester,Match Finished,FT,39,Premier League,England,2023,Regular Season - 30,50,Manchester City,42,Arsenal,0,0,0,0,0,0
1035481,2024-04-02,St. James' Park,Newcastle upon Tyne,Match Finished,FT,39,Premier League,England,2023,Regular Season - 31,34,Newcastle,45,Everton,1,1,1,0,1,1
1035478,2024-04-02,The City Ground,"Nottingham, Nottinghamshire",Match Finished,FT,39,Premier League,England,2023,Regular Season - 31,65,Nottingham Forest,36,Fulham,3,1,3,0,3,1
1035474,2024-04-02,Vitality Stadium,"Bournemouth, Dorset",Match Finished,FT,39,Premier League,England,2023,Regular Season - 31,35,Bournemouth,52,Crystal Palace,1,0,0,0,1,0
1035477,2024-04-02,Turf Moor,Burnley,Match Finished,FT,39,Premier League,England,2023,Regular Season - 31,44,Burnley,39,Wolves,1,1,1,1,1,1
1035479,2024-04-02,London Stadium,London,Match Finished,FT,39,Premier League,England,2023,Regular Season - 31,48,West Ham,47,Tottenham,1,1,1,1,1,1
1035475,2024-04-03,Emirates Stadium,London,Match Finished,FT,39,Premier League,England,2023,Regular Season - 31,42,Arsenal,1359,Luton,2,0,2,0,2,0
1035476,2024-04-03,Gtech Community Stadium,"Brentford, Middlesex",Match Finished,FT,39,Premier League,England,2023,Regular Season - 31,55,Brentford,51,Brighton,0,0,0,0,0,0
1035483,2024-04-03,Etihad Stadium,Manchester,Match Finished,FT,39,Premier League,England,2023,Regular Season - 31,50,Manchester City,66,Aston Villa,4,1,2,1,4,1
1035482,2024-04-04,Anfield,Liverpool,Match Finished,FT,39,Premier League,England,2023,Regular Season - 31,40,Liverpool,62,Sheffield Utd,3,1,1,0,3,1
1035480,2024-04-04,Stamford Bridge,London,Match Finished,FT,39,Premier League,England,2023,Regular Season - 31,49,Chelsea,33,Manchester United,4,3,2,2,4,3
1035486,2024-04-06,Selhurst Park,London,Match Finished,FT,39,Premier League,England,2023,Regular Season - 32,52,Crystal Palace,50,Manchester City,2,4,1,1,2,4
1035488,2024-04-06,Craven Cottage,London,Match Finished,FT,39,Premier League,England,2023,Regular Season - 32,36,Fulham,34,Newcastle,0,1,0,0,0,1
1035493,2024-04-06,Molineux Stadium,"Wolverhampton, West Midlands",Match Finished,FT,39,Premier League,England,2023,Regular Season - 32,39,Wolves,48,West Ham,1,2,1,0,1,2
1035487,2024-04-06,Goodison Park,Liverpool,Match Finished,FT,39,Premier League,England,2023,Regular Season - 32,45,Everton,44,Burnley,1,0,1,0,1,0
1035484,2024-04-06,Villa Park,Birmingham,Match Finished,FT,39,Premier League,England,2023,Regular Season - 32,66,Aston Villa,55,Brentford,3,3,1,0,3,3
1035489,2024-04-06,Kenilworth Road,"Luton, Bedfordshire",Match Finished,FT,39,Premier League,England,2023,Regular Season - 32,1359,Luton,35,Bournemouth,2,1,0,0,2,1
1035485,2024-04-06,American Express Stadium,"Falmer, East Sussex",Match Finished,FT,39,Premier League,England,2023,Regular Season - 32,51,Brighton,42,Arsenal,0,3,0,1,0,3
1035490,2024-04-07,Old Trafford,Manchester,Match Finished,FT,39,Premier League,England,2023,Regular Season - 32,33,Manchester United,40,Liverpool,2,2,0,1,2,2
1035491,2024-04-07,Bramall Lane,Sheffield,Match Finished,FT,39,Premier League,England,2023,Regular Season - 32,62,Sheffield Utd,49,Chelsea,2,2,1,1,2,2
1035492,2024-04-07,Tottenham Hotspur Stadium,London,Match Finished,FT,39,Premier League,England,2023,Regular Season - 32,47,Tottenham,65,Nottingham Forest,3,1,1,1,3,1
1035501,2024-04-13,St. James' Park,Newcastle upon Tyne,Match Finished,FT,39,Premier League,England,2023,Regular Season - 33,34,Newcastle,47,Tottenham,4,0,2,0,4,0
1035497,2024-04-13,Turf Moor,Burnley,Match Finished,FT,39,Premier League,England,2023,Regular Season - 33,44,Burnley,51,Brighton,1,1,0,0,1,1
1035500,2024-04-13,Etihad Stadium,Manchester,Match Finished,FT,39,Premier League,England,2023,Regular Season - 33,50,Manchester City,1359,Luton,5,1,1,0,5,1
1035496,2024-04-13,Gtech Community Stadium,"Brentford, Middlesex",Match Finished,FT,39,Premier League,England,2023,Regular Season - 33,55,Brentford,62,Sheffield Utd,2,0,0,0,2,0
1035502,2024-04-13,The City Ground,"Nottingham, Nottinghamshire",Match Finished,FT,39,Premier League,England,2023,Regular Season - 33,65,Nottingham Forest,39,Wolves,2,2,1,1,2,2
1035494,2024-04-13,Vitality Stadium,"Bournemouth, Dorset",Match Finished,FT,39,Premier League,England,2023,Regular Season - 33,35,Bournemouth,33,Manchester United,2,2,2,1,2,2
1035499,2024-04-14,Anfield,Liverpool,Match Finished,FT,39,Premier League,England,2023,Regular Season - 33,40,Liverpool,52,Crystal Palace,0,1,0,1,0,1
1035503,2024-04-14,London Stadium,London,Match Finished,FT,39,Premier League,England,2023,Regular Season - 33,48,West Ham,36,Fulham,0,2,0,1,0,2
1035495,2024-04-14,Emirates Stadium,London,Match Finished,FT,39,Premier League,England,2023,Regular Season - 33,42,Arsenal,66,Aston Villa,0,2,0,0,0,2
1035498,2024-04-15,Stamford Bridge,London,Match Finished,FT,39,Premier League,England,2023,Regular Season - 33,49,Chelsea,45,Everton,6,0,4,0,6,0
1035511,2024-04-20,Bramall Lane,Sheffield,Match Finished,FT,39,Premier League,England,2023,Regular Season - 34,62,Sheffield Utd,44,Burnley,1,4,0,2,1,4
1035509,2024-04-20,Kenilworth Road,"Luton, Bedfordshire",Match Finished,FT,39,Premier League,England,2023,Regular Season - 34,1359,Luton,55,Brentford,1,5,0,2,1,5
1035513,2024-04-20,Molineux Stadium,"Wolverhampton, West Midlands",Match Finished,FT,39,Premier League,England,2023,Regular Season - 34,39,Wolves,42,Arsenal,0,2,0,1,0,2
1035507,2024-04-21,Goodison Park,Liverpool,Match Finished,FT,39,Premier League,England,2023,Regular Season - 34,45,Everton,65,Nottingham Forest,2,0,1,0,2,0
1035506,2024-04-21,Selhurst Park,London,Match Finished,FT,39,Premier League,England,2023,Regular Season - 34,52,Crystal Palace,48,West Ham,5,2,4,1,5,2
1035504,2024-04-21,Villa Park,Birmingham,Match Finished,FT,39,Premier League,England,2023,Regular Season - 34,66,Aston Villa,35,Bournemouth,3,1,1,1,3,1
1035508,2024-04-21,Craven Cottage,London,Match Finished,FT,39,Premier League,England,2023,Regular Season - 34,36,Fulham,40,Liverpool,1,3,1,1,1,3
1035454,2024-04-23,Emirates Stadium,London,Match Finished,FT,39,Premier League,England,2023,Regular Season - 29,42,Arsenal,49,Chelsea,5,0,1,0,5,0
1035463,2024-04-24,Molineux Stadium,"Wolverhampton, West Midlands",Match Finished,FT,39,Premier League,England,2023,Regular Season - 29,39,Wolves,35,Bournemouth,0,1,0,1,0,1
1035461,2024-04-24,Old Trafford,Manchester,Match Finished,FT,39,Premier League,England,2023,Regular Season - 29,33,Manchester United,62,Sheffield Utd,4,2,1,1,4,2
1035458,2024-04-24,Goodison Park,Liverpool,Match Finished,FT,39,Premier League,England,2023,Regular Season - 29,45,Everton,40,Liverpool,2,0,1,0,2,0
1035457,2024-04-24,Selhurst Park,London,Match Finished,FT,39,Premier League,England,2023,Regular Season - 29,52,Crystal Palace,34,Newcastle,2,0,0,0,2,0
1035455,2024-04-25,American Express Stadium,"Falmer, East Sussex",Match Finished,FT,39,Premier League,England,2023,Regular Season - 29,51,Brighton,50,Manchester City,0,4,0,3,0,4
1035522,2024-04-27,London Stadium,London,Match Finished,FT,39,Premier League,England,2023,Regular Season - 35,48,West Ham,40,Liverpool,2,2,1,0,2,2
1035518,2024-04-27,Old Trafford,Manchester,Match Finished,FT,39,Premier League,England,2023,Regular Season - 35,33,Manchester United,44,Burnley,1,1,0,0,1,1
1035519,2024-04-27,St. James' Park,Newcastle upon Tyne,Match Finished,FT,39,Premier League,England,2023,Regular Season - 35,34,Newcastle,62,Sheffield Utd,5,1,1,1,5,1
1035517,2024-04-27,Craven Cottage,London,Match Finished,FT,39,Premier League,England,2023,Regular Season - 35,36,Fulham,52,Crystal Palace,1,1,0,0,1,1
1035523,2024-04-27,Molineux Stadium,"Wolverhampton, West Midlands",Match Finished,FT,39,Premier League,England,2023,Regular Season - 35,39,Wolves,1359,Luton,2,1,1,0,2,1
1035516,2024-04-27,Goodison Park,Liverpool,Match Finished,FT,39,Premier League,England,2023,Regular Season - 35,45,Everton,55,Brentford,1,0,0,0,1,0
1035515,2024-04-27,Villa Park,Birmingham,Match Finished,FT,39,Premier League,England,2023,Regular Season - 35,66,Aston Villa,49,Chelsea,2,2,2,0,2,2
1035514,2024-04-28,Vitality Stadium,"Bournemouth, Dorset",Match Finished,FT,39,Premier League,England,2023,Regular Season - 35,35,Bournemouth,51,Brighton,3,0,1,0,3,0
1035521,2024-04-28,Tottenham Hotspur Stadium,London,Match Finished,FT,39,Premier League,England,2023,Regular Season - 35,47,Tottenham,42,Arsenal,2,3,0,3,2,3
1035520,2024-04-28,The City Ground,"Nottingham, Nottinghamshire",Match Finished,FT,39,Premier League,England,2023,Regular Season - 35,65,Nottingham Forest,50,Manchester City,0,2,0,1,0,2
1035428,2024-05-02,Stamford Bridge,London,Match Finished,FT,39,Premier League,England,2023,Regular Season - 26,49,Chelsea,47,Tottenham,2,0,1,0,2,0
1035531,2024-05-03,Kenilworth Road,"Luton, Bedfordshire",Match Finished,FT,39,Premier League,England,2023,Regular Season - 36,1359,Luton,45,Everton,1,1,1,1,1,1
1035524,2024-05-04,Emirates Stadium,London,Match Finished,FT,39,Premier League,England,2023,Regular Season - 36,42,Arsenal,35,Bournemouth,3,0,1,0,3,0
1035527,2024-05-04,Turf Moor,Burnley,Match Finished,FT,39,Premier League,England,2023,Regular Season - 36,44,Burnley,34,Newcastle,1,4,0,3,1,4
1035525,2024-05-04,Gtech Community Stadium,"Brentford, Middlesex",Match Finished,FT,39,Premier League,England,2023,Regular Season - 36,55,Brentford,36,Fulham,0,0,0,0,0,0
1035533,2024-05-04,Bramall Lane,Sheffield,Match Finished,FT,39,Premier League,England,2023,Regular Season - 36,62,Sheffield Utd,65,Nottingham Forest,1,3,1,1,1,3
1035532,2024-05-04,Etihad Stadium,Manchester,Match Finished,FT,39,Premier League,England,2023,Regular Season - 36,50,Manchester City,39,Wolves,5,1,3,0,5,1
1035528,2024-05-05,Stamford Bridge,London,Match Finished,FT,39,Premier League,England,2023,Regular Season - 36,49,Chelsea,48,West Ham,5,0,3,0,5,0
1035526,2024-05-05,American Express Stadium,"Falmer, East Sussex",Match Finished,FT,39,Premier League,England,2023,Regular Season - 36,51,Brighton,66,Aston Villa,1,0,0,0,1,0
1035530,2024-05-05,Anfield,Liverpool,Match Finished,FT,39,Premier League,England,2023,Regular Season - 36,40,Liverpool,47,Tottenham,4,2,2,0,4,2
1035529,2024-05-06,Selhurst Park,London,Match Finished,FT,39,Premier League,England,2023,Regular Season - 36,52,Crystal Palace,33,Manchester United,4,0,2,0,4,0
1035537,2024-05-11,Craven Cottage,London,Match Finished,FT,39,Premier League,England,2023,Regular Season - 37,36,Fulham,50,Manchester City,0,4,0,1,0,4
1035539,2024-05-11,St. James' Park,Newcastle upon Tyne,Match Finished,FT,39,Premier League,England,2023,Regular Season - 37,34,Newcastle,51,Brighton,1,1,1,1,1,1
1035534,2024-05-11,Vitality Stadium,"Bournemouth, Dorset",Match Finished,FT,39,Premier League,England,2023,Regular Season - 37,35,Bournemouth,55,Brentford,1,2,0,0,1,2
1035543,2024-05-11,Molineux Stadium,"Wolverhampton, West Midlands",Match Finished,FT,39,Premier League,England,2023,Regular Season - 37,39,Wolves,52,Crystal Palace,1,3,0,2,1,3
1035536,2024-05-11,Goodison Park,Liverpool,Match Finished,FT,39,Premier League,England,2023,Regular Season - 37,45,Everton,62,Sheffield Utd,1,0,1,0,1,0
1035541,2024-05-11,Tottenham Hotspur Stadium,London,Match Finished,FT,39,Premier League,England,2023,Regular Season - 37,47,Tottenham,44,Burnley,2,1,1,1,2,1
1035542,2024-05-11,London Stadium,London,Match Finished,FT,39,Premier League,England,2023,Regular Season - 37,48,West Ham,1359,Luton,3,1,0,1,3,1
1035540,2024-05-11,The City Ground,"Nottingham, Nottinghamshire",Match Finished,FT,39,Premier League,England,2023,Regular Season - 37,65,Nottingham Forest,49,Chelsea,2,3,1,1,2,3
1035538,2024-05-12,Old Trafford,Manchester,Match Finished,FT,39,Premier League,England,2023,Regular Season - 37,33,Manchester United,42,Arsenal,0,1,0,1,0,1
1035535,2024-05-13,Villa Park,Birmingham,Match Finished,FT,39,Premier League,England,2023,Regular Season - 37,66,Aston Villa,40,Liverpool,3,3,1,2,3,3
1035512,2024-05-14,Tottenham Hotspur Stadium,London,Match Finished,FT,39,Premier League,England,2023,Regular Season - 34,47,Tottenham,50,Manchester City,0,2,0,0,0,2
1035505,2024-05-15,American Express Stadium,"Falmer, East Sussex",Match Finished,FT,39,Premier League,England,2023,Regular Season - 34,51,Brighton,49,Chelsea,1,2,0,1,1,2
1035510,2024-05-15,Old Trafford,Manchester,Match Finished,FT,39,Premier League,England,2023,Regular Season - 34,33,Manchester United,34,Newcastle,3,2,1,0,3,2
1035550,2024-05-19,Anfield,Liverpool,Match Finished,FT,39,Premier League,England,2023,Regular Season - 38,40,Liverpool,39,Wolves,2,0,2,0,2,0
1035544,2024-05-19,Emirates Stadium,London,Match Finished,FT,39,Premier League,England,2023,Regular Season - 38,42,Arsenal,45,Everton,2,1,1,1,2,1
1035547,2024-05-19,Turf Moor,Burnley,Match Finished,FT,39,Premier League,England,2023,Regular Season - 38,44,Burnley,65,Nottingham Forest,1,2,0,2,1,2
1035548,2024-05-19,Stamford Bridge,London,Match Finished,FT,39,Premier League,England,2023,Regular Season - 38,49,Chelsea,35,Bournemouth,2,1,1,0,2,1
1035552,2024-05-19,Etihad Stadium,Manchester,Match Finished,FT,39,Premier League,England,2023,Regular Season - 38,50,Manchester City,48,West Ham,3,1,2,1,3,1
1035546,2024-05-19,American Express Stadium,"Falmer, East Sussex",Match Finished,FT,39,Premier League,England,2023,Regular Season - 38,51,Brighton,33,Manchester United,0,2,0,0,0,2
1035549,2024-05-19,Selhurst Park,London,Match Finished,FT,39,Premier League,England,2023,Regular Season - 38,52,Crystal Palace,66,Aston Villa,5,0,2,0,5,0
1035545,2024-05-19,Gtech Community Stadium,"Brentford, Middlesex",Match Finished,FT,39,Premier League,England,2023,Regular Season - 38,55,Brentford,34,Newcastle,2,4,0,3,2,4
1035553,2024-05-19,Bramall Lane,Sheffield,Match Finished,FT,39,Premier League,England,2023,Regular Season - 38,62,Sheffield Utd,47,Tottenham,0,3,0,1,0,3
1035551,2024-05-19,Kenilworth Road,"Luton, Bedfordshire",Match Finished,FT,39,Premier League,England,2023,Regular Season - 38,1359,Luton,36,Fulham,2,4,1,2,2,4